{
  "dice": 0.7331805081435424,
  "per_class_dice": {
    "WT": 0.6840837423910369,
    "TC": 0.7646492436354043,
    "ET": 0.7508085384041863
  },
  "per_class_recall": {
    "WT": 0.7656606609051206,
    "TC": 0.8139617484227746,
    "ET": 0.768335749934205
  },
  "n_test": 4520,
  "train_dirs": [
    "C:\\Users\\Tonkid\\Downloads\\runs\\brats_mad\\gen1\\fakes"
  ]
}